{"cameraMode":{"drawMode":0,"name":"Shaded","section":"Shading Mode"},"sceneLighting":true,"audioPlay":false,"sceneViewState":{"m_AlwaysRefresh":false,"showFog":true,"showSkybox":true,"showFlares":true,"showImageEffects":true,"showParticleSystems":true,"showVisualEffectGraphs":true,"m_FxEnabled":true},"in2DMode":false,"pivot":{"x":-1.0466046333312989,"y":2.657895565032959,"z":-1.4771089553833008},"rotation":{"x":-0.49161162972450259,"y":-0.4337902367115021,"z":0.30952075123786929,"w":-0.6889212727546692},"size":0.7498332858085632,"orthographic":false}