{"cameraMode":{"drawMode":0,"name":"Shaded","section":"Shading Mode"},"sceneLighting":true,"audioPlay":false,"sceneViewState":{"m_AlwaysRefresh":false,"showFog":true,"showSkybox":true,"showFlares":true,"showImageEffects":true,"showParticleSystems":true,"showVisualEffectGraphs":true,"m_FxEnabled":true},"in2DMode":false,"pivot":{"x":-0.17062509059906007,"y":0.0005791625007987022,"z":-1.763109803199768},"rotation":{"x":0.5190474390983582,"y":0.02320639044046402,"z":-0.014010471291840077,"w":0.8543195724487305},"size":3.6971395015716554,"orthographic":false}