{"cameraMode":{"drawMode":0,"name":"Shaded","section":"Shading Mode"},"sceneLighting":true,"audioPlay":false,"sceneViewState":{"m_AlwaysRefresh":false,"showFog":true,"showSkybox":true,"showFlares":true,"showImageEffects":true,"showParticleSystems":true,"showVisualEffectGraphs":true,"m_FxEnabled":true},"in2DMode":false,"pivot":{"x":0.3999999761581421,"y":1.062999963760376,"z":-2.4600000381469728},"rotation":{"x":-0.4354638457298279,"y":0.019158286973834039,"z":-0.009229611605405808,"w":-0.9001426696777344},"size":3.4362902641296388,"orthographic":false}